insert into `csr_interfaces_url` (`row_id`, `interface_url`, `interface_name`, `interface_code`, `srv_file_path`, `interface_explain`, `interface_status`, `payment_channel_id`, `created_by`, `created_date`, `last_updt_by`, `last_updt_date`, `version`) values('1','https://api.mch.weixin.qq.com/pay/downloadbill','微信对账单下载','downloadbill','/opt/epay/qjs/','微信对账单下载','1','7','sys','2017-07-17 14:32:48','sys','2017-07-17 14:32:48','0');
insert into `csr_interfaces_url` (`row_id`, `interface_url`, `interface_name`, `interface_code`, `srv_file_path`, `interface_explain`, `interface_status`, `payment_channel_id`, `created_by`, `created_date`, `last_updt_by`, `last_updt_date`, `version`) values('2','https://api.mch.weixin.qq.com/pay/downloadbill','微信对账单下载','downloadbill','/opt/epay/qjs/','微信对账单下载','1','8','sys','2017-07-17 14:32:48','sys','2017-07-17 14:32:48','0');
insert into `csr_interfaces_url` (`row_id`, `interface_url`, `interface_name`, `interface_code`, `srv_file_path`, `interface_explain`, `interface_status`, `payment_channel_id`, `created_by`, `created_date`, `last_updt_by`, `last_updt_date`, `version`) values('3','https://openapi.alipay.com/gateway.do','支付宝账单','trade','/opt/alipay','支付宝账单','1','10','sys','2017-07-17 17:56:12','sys','2017-07-17 17:56:12','0');
insert into `csr_interfaces_url` (`row_id`, `interface_url`, `interface_name`, `interface_code`, `srv_file_path`, `interface_explain`, `interface_status`, `payment_channel_id`, `created_by`, `created_date`, `last_updt_by`, `last_updt_date`, `version`) values('4','https://openapi.alipay.com/gateway.do','支付宝账单','trade','/opt/alipay','支付宝账单','1','11','sys','2017-07-17 17:56:12','sys','2017-07-17 17:56:12','0');
insert into `csr_interfaces_url` (`row_id`, `interface_url`, `interface_name`, `interface_code`, `srv_file_path`, `interface_explain`, `interface_status`, `payment_channel_id`, `created_by`, `created_date`, `last_updt_by`, `last_updt_date`, `version`) values('5','https://gateway.gopay.com.cn/Trans/WebClientAction.do','国付宝账单','BQ01','/opt/goPay','国付宝账单','1','2','sys','2017-07-17 17:58:37','sys','2017-07-17 17:58:37','0');
insert into `csr_interfaces_url` (`row_id`, `interface_url`, `interface_name`, `interface_code`, `srv_file_path`, `interface_explain`, `interface_status`, `payment_channel_id`, `created_by`, `created_date`, `last_updt_by`, `last_updt_date`, `version`) values('8','https://www.hao123.com/','翼支付账单','EBILL01','/opt/ePay/','翼支付账单','1','1','sys','2017-07-26 16:08:20','sys','2017-07-26 16:08:25','0');
insert into `csr_interfaces_url` (`row_id`, `interface_url`, `interface_name`, `interface_code`, `srv_file_path`, `interface_explain`, `interface_status`, `payment_channel_id`, `created_by`, `created_date`, `last_updt_by`, `last_updt_date`, `version`) values('9','https://api.mch.weixin.qq.com/pay/unifiedorder','微信支付','WXPAY',NULL,'微信支付','1','3','sys','2017-07-31 14:33:45','sys','2017-07-31 14:33:45','0');
insert into `csr_interfaces_url` (`row_id`, `interface_url`, `interface_name`, `interface_code`, `srv_file_path`, `interface_explain`, `interface_status`, `payment_channel_id`, `created_by`, `created_date`, `last_updt_by`, `last_updt_date`, `version`) values('10','https://api.mch.weixin.qq.com/pay/orderquery','微信支付查询','WXQUERY',NULL,'微信支付查询','1','3','sys','2017-07-31 14:39:35','sys','2017-07-31 14:39:35','0');
insert into `csr_interfaces_url` (`row_id`, `interface_url`, `interface_name`, `interface_code`, `srv_file_path`, `interface_explain`, `interface_status`, `payment_channel_id`, `created_by`, `created_date`, `last_updt_by`, `last_updt_date`, `version`) values('11','https://api.mch.weixin.qq.com/secapi/pay/refund','微信退款','WXREFUND',NULL,'微信退款','1','3','sys','2017-07-31 14:40:11','sys','2017-07-31 14:40:11','0');
insert into `csr_interfaces_url` (`row_id`, `interface_url`, `interface_name`, `interface_code`, `srv_file_path`, `interface_explain`, `interface_status`, `payment_channel_id`, `created_by`, `created_date`, `last_updt_by`, `last_updt_date`, `version`) values('12','https://api.mch.weixin.qq.com/pay/refundquery','微信退款查询','WXREFUNDQUERY',NULL,'微信退款查询','1','3','sys','2017-07-31 14:40:39','sys','2017-07-31 14:40:39','0');
insert into `csr_interfaces_url` (`row_id`, `interface_url`, `interface_name`, `interface_code`, `srv_file_path`, `interface_explain`, `interface_status`, `payment_channel_id`, `created_by`, `created_date`, `last_updt_by`, `last_updt_date`, `version`) values('13','https://webpay.bestpay.com.cn/index.html','翼支付支付地址','EBESTPAY',NULL,'翼支付支付地址','1','1','sys','2017-08-01 14:38:36','sys','2017-08-01 14:38:36','0');
insert into `csr_interfaces_url` (`row_id`, `interface_url`, `interface_name`, `interface_code`, `srv_file_path`, `interface_explain`, `interface_status`, `payment_channel_id`, `created_by`, `created_date`, `last_updt_by`, `last_updt_date`, `version`) values('14','http://123.126.102.188:8888','中国建行对账单申请','5W1005','/opt/ccb','中国建行对账单申请','1','15','sys','2017-08-02 11:38:57','sys','2017-08-02 11:38:57','0');
insert into `csr_interfaces_url` (`row_id`, `interface_url`, `interface_name`, `interface_code`, `srv_file_path`, `interface_explain`, `interface_status`, `payment_channel_id`, `created_by`, `created_date`, `last_updt_by`, `last_updt_date`, `version`) values('15','https://webpaynotice.bestpay.com.cn/commorderQuery.do','翼支付交易查询地址','EBESTQUERY',NULL,'翼支付交易查询地址','1','3','sys','2017-08-02 13:51:51','sys','2017-08-02 13:51:51','0');
insert into `csr_interfaces_url` (`row_id`, `interface_url`, `interface_name`, `interface_code`, `srv_file_path`, `interface_explain`, `interface_status`, `payment_channel_id`, `created_by`, `created_date`, `last_updt_by`, `last_updt_date`, `version`) values('16','http://123.126.102.188:8889','中国建行对账单下载地址','6W0111','/opt/ccb','中国建行对账单下载地址','1','15','sys','2017-08-02 11:38:57','sys','2017-08-02 11:38:57','0');
insert into `csr_interfaces_url` (`row_id`, `interface_url`, `interface_name`, `interface_code`, `srv_file_path`, `interface_explain`, `interface_status`, `payment_channel_id`, `created_by`, `created_date`, `last_updt_by`, `last_updt_date`, `version`) values('17','https://webpaywg.bestpay.com.cn/refund/commonRefund','翼支付退款请求地址','EBESTREFUND',NULL,'翼支付退款请求地址','1','3','sys','2017-08-02 15:27:58','sys','2017-08-02 15:27:58','0');
insert into `csr_interfaces_url` (`row_id`, `interface_url`, `interface_name`, `interface_code`, `srv_file_path`, `interface_explain`, `interface_status`, `payment_channel_id`, `created_by`, `created_date`, `last_updt_by`, `last_updt_date`, `version`) values('18','https://api.mch.weixin.qq.com/pay/closeorder','微信关闭订单','WXCLOSE',NULL,'微信关闭订单','1','3','sys','2017-08-03 10:37:14','sys','2017-08-03 10:37:14','0');
insert into `csr_interfaces_url` (`row_id`, `interface_url`, `interface_name`, `interface_code`, `srv_file_path`, `interface_explain`, `interface_status`, `payment_channel_id`, `created_by`, `created_date`, `last_updt_by`, `last_updt_date`, `version`) values('19','http://111.204.241.67:8090/ebest/paynotify','翼支付支付结果通知地址','EBESTPAYNOTIFY',NULL,'翼支付支付结果通知地址','1','3','sys','2017-08-03 10:55:59','sys','2017-08-03 10:55:59','0');
insert into `csr_interfaces_url` (`row_id`, `interface_url`, `interface_name`, `interface_code`, `srv_file_path`, `interface_explain`, `interface_status`, `payment_channel_id`, `created_by`, `created_date`, `last_updt_by`, `last_updt_date`, `version`) values('20','http://111.204.241.67:8090/ebest/refundnotify','翼支付退款结果通知地址','EBESTREFUNDNOTIFY',NULL,'翼支付退款结果通知地址','1','3','sys','2017-08-03 10:57:55','sys','2017-08-03 10:57:55','0');
insert into `csr_interfaces_url` (`row_id`, `interface_url`, `interface_name`, `interface_code`, `srv_file_path`, `interface_explain`, `interface_status`, `payment_channel_id`, `created_by`, `created_date`, `last_updt_by`, `last_updt_date`, `version`) values('21','http://111.204.241.67:8090/ebest/payWebNotify','翼支付支付结果前端通知地址','EBESTWEBNOTIFY',NULL,'翼支付支付结果前端通知地址','1','3','sys','2017-08-07 15:42:55','sys','2017-08-07 15:42:55','0');
insert into `csr_interfaces_url` (`row_id`, `interface_url`, `interface_name`, `interface_code`, `srv_file_path`, `interface_explain`, `interface_status`, `payment_channel_id`, `created_by`, `created_date`, `last_updt_by`, `last_updt_date`, `version`) values('22','http://123.126.102.188:8888','中国建行对账单申请','5W1005','/opt/ccb','中国建行对账单申请','1','8','sys','2017-08-02 11:38:57','sys','2017-08-02 11:38:57','0');
insert into `csr_interfaces_url` (`row_id`, `interface_url`, `interface_name`, `interface_code`, `srv_file_path`, `interface_explain`, `interface_status`, `payment_channel_id`, `created_by`, `created_date`, `last_updt_by`, `last_updt_date`, `version`) values('23','http://123.126.102.188:8889','中国建行对账单下载地址','6W0111','/opt/ccb','中国建行对账单下载地址','1','8','sys','2017-08-02 11:38:57','sys','2017-08-02 11:38:57','0');
insert into `csr_interfaces_url` (`row_id`, `interface_url`, `interface_name`, `interface_code`, `srv_file_path`, `interface_explain`, `interface_status`, `payment_channel_id`, `created_by`, `created_date`, `last_updt_by`, `last_updt_date`, `version`) values('24','http://111.204.241.67:8090/paywechat/wxPayNotify','微信支付结果通知地址','WXPAYNOTIFY',NULL,'微信支付结果通知地址','1','3','sys','2017-08-07 14:42:53','sys','2017-08-07 14:42:53','0');
insert into `csr_interfaces_url` (`row_id`, `interface_url`, `interface_name`, `interface_code`, `srv_file_path`, `interface_explain`, `interface_status`, `payment_channel_id`, `created_by`, `created_date`, `last_updt_by`, `last_updt_date`, `version`) values('25','http://111.204.241.67:8090/gxyj/alipay/notify','支付宝支付结果通知地址','ALIPAYNOTIFY',NULL,'支付宝支付结果通知地址','1','0','sys','2017-08-07 15:04:56','sys','2017-08-07 15:04:56','0');
insert into `csr_interfaces_url` (`row_id`, `interface_url`, `interface_name`, `interface_code`, `srv_file_path`, `interface_explain`, `interface_status`, `payment_channel_id`, `created_by`, `created_date`, `last_updt_by`, `last_updt_date`, `version`) values('26','http://111.204.241.67:8090','支付回调IP + PORT','PAYRETURNURL',NULL,'支付回调IP + PORT','1','0','sys','2017-08-09 10:49:29','sys','2017-08-09 10:49:29','0');
insert into `csr_interfaces_url` (`row_id`, `interface_url`, `interface_name`, `interface_code`, `srv_file_path`, `interface_explain`, `interface_status`, `payment_channel_id`, `created_by`, `created_date`, `last_updt_by`, `last_updt_date`, `version`) values('27','https://openapi.alipay.com/gateway.do','支付宝支付、退款、查询、交易关闭接口','PAYGETWAYURL',NULL,'支付宝支付、退款、查询、交易关闭接口','1','0','sys','2017-08-10 14:15:43','sys','2017-08-10 14:15:43','0');
insert into `csr_interfaces_url` (`row_id`, `interface_url`, `interface_name`, `interface_code`, `srv_file_path`, `interface_explain`, `interface_status`, `payment_channel_id`, `created_by`, `created_date`, `last_updt_by`, `last_updt_date`, `version`) values('28','https://111.205.51.141:8443/cebent/preEpayLogin.do?_locale=zh_CN','光大银行对账文件下载','CEBRecnl001','/opt/ceb','光大银行对账文件下载','1','10','sys','2017-08-15 11:22:02','sys','2017-08-15 11:22:02','0');

insert  into `csr_sys_dict`(`row_id`,`data_code`,`data_name`,`data_value`,`data_desc`,`is_val`,`input_user`,`check_user`,`created_by`,`created_date`,`modified_by`,`whenmodified`,`version`) values (88,'right-open','FuncRightDict','open','开启发布','0',NULL,NULL,NULL,'2017-07-13 19:11:11',NULL,'2017-07-13 19:11:11',0),(89,'right-close','FuncRightDict','close','关闭发布','0',NULL,NULL,NULL,'2017-07-13 19:11:11',NULL,'2017-07-13 19:11:11',0),(90,'right-deploy','FuncRightDict','deploy','发布','0',NULL,NULL,NULL,'2017-07-13 19:11:11',NULL,'2017-07-13 19:11:11',0),(91,'right-add','FuncRightDict','add','新增','0',NULL,NULL,NULL,'2017-07-13 19:11:11',NULL,'2017-07-13 19:11:11',0),(92,'right-edit','FuncRightDict','edit','修改','0',NULL,NULL,NULL,'2017-07-13 19:11:11',NULL,'2017-07-13 19:11:11',0),(93,'right-delete','FuncRightDict','delete','删除','0',NULL,NULL,NULL,'2017-07-13 19:11:11',NULL,'2017-07-13 19:11:11',0);


insert  into `sequence`(`seq_name`,`current_val`,`increment_val`,`circle`,`max_val`) values ('SEQ_MSG_ID',1,1,1,0);

INSERT INTO csr_param_settings (param_code, param_name, param_value, param_desc, param_type, val_flag, created_by, created_date, last_updt_by, last_updt_date, version) VALUES ('bestpayMerchantNo', 'bestpayMerchantNo', '/data/recon/bestpay', 'bestPay File', 0, 1, 'sys', now(), 'sys', now(), 0);
INSERT INTO csr_param_settings (param_code, param_name, param_value, param_desc, param_type, val_flag, created_by, created_date, last_updt_by, last_updt_date, version) VALUES ('bestpayHomePath', 'bestpayHomePath', '/data/recon/bestpay', 'bestPay File', 0, 0, 'sys',now(), 'sys', now(), 0);
INSERT INTO csr_param_settings (param_code, param_name, param_value, param_desc, param_type, val_flag, created_by, created_date, last_updt_by, last_updt_date, version) VALUES ('gopayMerchantNo', 'gopayMerchantNo', '/data/recon/gopay', 'gopay File', 0, 0, 'sys',now(), 'sys', now(), 0);
INSERT INTO csr_param_settings (param_code, param_name, param_value, param_desc, param_type, val_flag, created_by, created_date, last_updt_by, last_updt_date, version) VALUES ('gopayHomePath', 'gopayHomePath', '/data/recon/gopay', 'gopay File', 0, 0, 'sys', now(), 'sys', now(), 0);
INSERT INTO csr_param_settings (param_code, param_name, param_value, param_desc, param_type, val_flag, created_by, created_date, last_updt_by, last_updt_date, version) VALUES ('weChatpayHomePath', 'weChatpayHomePath', '/data/recon/weChat', 'weChat File', 0, 0, 'sys', now(), 'sys', now(), 0);
INSERT INTO csr_param_settings (param_code, param_name, param_value, param_desc, param_type, val_flag, created_by, created_date, last_updt_by, last_updt_date, version) VALUES ('weChatpayMerchantNo', 'weChatpayMerchantNo', '/data/recon/weChat', 'weChat File', 0, 0, 'sys', now(), 'sys', now(), 0);
INSERT INTO csr_param_settings (param_code, param_name, param_value, param_desc, param_type, val_flag, created_by, created_date, last_updt_by, last_updt_date, version) VALUES ('pollingDate', '轮询间隔', '10000', '业务监控轮询时间', 0, 0, 'sys', now(), 'sys', now(), 0);
INSERT INTO csr_param_settings (param_code, param_name, param_value, param_desc, param_type, val_flag, created_by, created_date, last_updt_by, last_updt_date, version) VALUES ('GRID_DATA_EXCEL_PATH', '导出excel路径', 'C:/data', '导出excel路径', 0, 1, 'sys', now(), 'sys', now(), 0);
INSERT INTO csr_param_settings (param_code, param_name, param_value, param_desc, param_type, val_flag, created_by, created_date, last_updt_by, last_updt_date, version) VALUES ('EXPORT_THREAD_NUM', '导出线程数', '10', '导出线程数', 0, 1, 'sys', now(), 'sys', now(), 0);
insert into `csr_param_settings` (`row_id`, `param_code`, `param_name`, `param_value`, `param_desc`, `param_type`, `val_flag`, `created_by`, `created_date`, `last_updt_by`, `last_updt_date`, `version`) values('7','LAST_RECON_DATE','上次对账日期','2017-08-09','上次对账日期','0','1','sys','2017-08-09 17:17:16','sys','2017-08-09 17:17:16','0');
insert into `csr_param_settings` (`row_id`, `param_code`, `param_name`, `param_value`, `param_desc`, `param_type`, `val_flag`, `created_by`, `created_date`, `last_updt_by`, `last_updt_date`, `version`) values('8','RECON_PRC_EXP','对账开始时间','0 30 22 * * ?','对账开始时间','0','1','sys','2017-08-09 17:17:16','sys','2017-08-09 17:17:16','0');
insert into `csr_param_settings` (`row_id`, `param_code`, `param_name`, `param_value`, `param_desc`, `param_type`, `val_flag`, `created_by`, `created_date`, `last_updt_by`, `last_updt_date`, `version`) values('9','CHK_RECON_EXP','对账文件下载开始时间','0 0/5 10 * * ?','对账文件下载开始时间','0','1','sys','2017-08-09 17:17:16','sys','2017-08-09 17:17:16','0');


insert into `csr_busi_channel` (`row_id`, `channel_code`, `channel_name`, `using_date`, `using_status`, `app_id`, `app_key`, `created_by`, `created_date`, `last_updt_by`, `last_updt_date`, `version`) values('20','001','B2C','2017-08-01 14:34:22','1','3571C549393B98B4B6F47414167B1191','AA96AA80C5BEC2E0D1DA4C3D56905A82','sys','2017-07-24 15:09:02','sys','2017-07-24 15:09:02','0');
insert into `csr_busi_channel` (`row_id`, `channel_code`, `channel_name`, `using_date`, `using_status`, `app_id`, `app_key`, `created_by`, `created_date`, `last_updt_by`, `last_updt_date`, `version`) values('30','004','零批系统','2017-08-02 15:25:23','1','86CD7C174F68FCBA111EF585B50CAA88','790E658B4CFDD158C9B2EE5E73BA61DB','sys','2017-07-25 10:54:16','sys','2017-07-26 14:35:33','0');
insert into `csr_busi_channel` (`row_id`, `channel_code`, `channel_name`, `using_date`, `using_status`, `app_id`, `app_key`, `created_by`, `created_date`, `last_updt_by`, `last_updt_date`, `version`) values('31','002','B2B','2017-08-10 11:14:30','1','A18108E2A3E76F84300984945542A8CB','F56630A15376405613BFD5504F1C0A4B','sys','2017-07-25 10:54:35','sys','2017-07-25 10:54:35','0');
insert into `csr_busi_channel` (`row_id`, `channel_code`, `channel_name`, `using_date`, `using_status`, `app_id`, `app_key`, `created_by`, `created_date`, `last_updt_by`, `last_updt_date`, `version`) values('34','003','O2O','2017-08-07 11:06:56','1','FEA2284639DF215FCD19226F6A3E0BDM','54E93054420B70842D2837B61D14C059','sys','2017-07-29 09:53:31','sys','2017-07-29 09:53:31','0');


insert into `csr_pay_template` (`row_id`, `template_name`, `template_url`, `terminal`, `open_flag`, `created_by`, `created_date`, `last_updt_date`, `last_updt_by`, `version`) values('43','白色风格模板','/apps/payment/payment.html','01','1','sys','2017-07-26 12:37:05','2017-07-26 13:35:04','sys','0');
insert into `csr_pay_template` (`row_id`, `template_name`, `template_url`, `terminal`, `open_flag`, `created_by`, `created_date`, `last_updt_date`, `last_updt_by`, `version`) values('44','蓝色风格模板','/apps/payment/paySpl.html','01','1','sys','2017-07-26 13:34:58','2017-07-26 13:34:58','sys','0');


insert into `csr_payment_channel` (`row_id`, `channel_code`, `channel_name`, `using_date`, `using_status`, `channel_platform`, `merch_account`, `merch_acct_pwd`, `merchant_id`, `app_id`, `private_key`, `public_key`, `channel_type`, `channel_logo`, `ajax_url`, `created_by`, `created_date`, `last_updt_by`, `last_updt_date`, `version`) values('1','002','翼支付','2017-08-16 09:25:52','1','01',NULL,NULL,'02110103035118000','aDSAd','DC9BD97DD776B77E2AC7927431B4C5CB3D86597B89316CDD','750319','00','../images/payment/YZF_GX.png',NULL,'sys','2017-07-24 18:42:38','sys','2017-07-24 18:42:38','0');
insert into `csr_payment_channel` (`row_id`, `channel_code`, `channel_name`, `using_date`, `using_status`, `channel_platform`, `merch_account`, `merch_acct_pwd`, `merchant_id`, `app_id`, `private_key`, `public_key`, `channel_type`, `channel_logo`, `ajax_url`, `created_by`, `created_date`, `last_updt_by`, `last_updt_date`, `version`) values('2','003','国付宝','2017-08-16 09:37:29','1','01',NULL,NULL,'0000001502','11111aaaaa','fdsafdsa',NULL,'00','../images/payment/GFB_GX.png',NULL,'sys','2017-07-24 18:44:30','sys','2017-07-24 18:44:30','0');
insert into `csr_payment_channel` (`row_id`, `channel_code`, `channel_name`, `using_date`, `using_status`, `channel_platform`, `merch_account`, `merch_acct_pwd`, `merchant_id`, `app_id`, `private_key`, `public_key`, `channel_type`, `channel_logo`, `ajax_url`, `created_by`, `created_date`, `last_updt_by`, `last_updt_date`, `version`) values('3','004','微信PC','2017-07-27 08:52:10','1','01',NULL,NULL,'1291148101','wx27afa795c952bc3e','D1C5958FA08B081EE7B4560EF111A170','76999c1949471014c98807c5b4b9db3b','00','../images/payment/WP_GX.png',NULL,'sys','2017-07-24 18:44:55','sys','2017-07-24 18:44:55','0');
insert into `csr_payment_channel` (`row_id`, `channel_code`, `channel_name`, `using_date`, `using_status`, `channel_platform`, `merch_account`, `merch_acct_pwd`, `merchant_id`, `app_id`, `private_key`, `public_key`, `channel_type`, `channel_logo`, `ajax_url`, `created_by`, `created_date`, `last_updt_by`, `last_updt_date`, `version`) values('4','0041','微信移动app','2017-07-24 18:48:25','1','03',NULL,NULL,'1294679001','wx7f0874c70f5eb965','D1C5958FA08B081EE7B4560EF111A170','2678711a99fea03996215ba6e69f322e','00','../images/payment/WP_GX.png',NULL,'sys','2017-07-24 18:48:27','sys','2017-07-24 18:48:27','0');
insert into `csr_payment_channel` (`row_id`, `channel_code`, `channel_name`, `using_date`, `using_status`, `channel_platform`, `merch_account`, `merch_acct_pwd`, `merchant_id`, `app_id`, `private_key`, `public_key`, `channel_type`, `channel_logo`, `ajax_url`, `created_by`, `created_date`, `last_updt_by`, `last_updt_date`, `version`) values('5','005','支付宝PC','2017-07-24 18:48:43','1','01',NULL,NULL,'safdsaf','2017042707014667','MIIEvQIBADANBgkqhkiG9w0BAQEFAASCBKcwggSjAgEAAoIBAQC9mq/gjGAyjfwqbtk578Dchypb7A57sU8DO16SK8DuD1ILJegG2uTp1z+qJcm6zmDYlYrVYyVCxyo9cdo/BaVxch5yud6icTUHWjSR6Vz1ZPp9gtwpQdq22eB1JVNPqJq2t8/Z1+yBI/UrDOvfqEdpKNEvvJPTMsUxqt98Rty6nrl8SDy+TevAEDiexFFXO1n9pMl4wDrqhtOQjninKj1QqTNibchhARAoQwUMrem2/feQg+xJpd9XFq3pqLawcl9AT+ELxS8BXeuh9ghMI72cFSU6mORzgnJRT7dWca0ViqsyVpXhlpQ37FhPQtkucBC+ZSuK2TpZY33gMtjMbhqrAgMBAAECggEAQTCfSgBZzuf8jIZiT8Y8NFaQ3NwTurmi5gSSpoU+p1tDJSwaU8kNLc1hSVoGuyDcMXtxKZ8WH5ik0E2F8Wc6k//dsipv/sAXsHh2XLi0yna2nVLR6amHzpio0P5NX7UjxLD8WPUhjuFTGUMvEk4kh2aOTfBzjwkEvef3QR6II+15VMS5p6ZFtjeqoZBI6A+kXVO+AAWiGg1KD8O1bYVjx3I0FetzSlt9LDYHZporSlnqqjqh70y1mlGsG3rUy3kQ13QcbpVgw3iLnfsoPXBoQa+9KB5x21koIduB4hNcWSIjocdPZCFuXJrXNW6li8W+bC93Qi0YT9R48s3ovpnbMQKBgQDkin4tJRwacfI6iL7klRWyZNLUqU+yzQ9HBxJ3Xsl6CvIRNX8uSoLx8+12DlFzXGUiDNt+BOr1Y0iTI4dlEHA1RIaaAsrvWkltE1Cs+gvqHX5w+KnvY00/3ta/m8mCd8yZoMpvKx5XHQN/j3zlw/WrU8oJg8w8lDxcHZ/YnyTggwKBgQDUYpII0qvaxlYPtFnDsJCxuz48QG4WcHpsCyyTyBzx44tOwVA/kI8YyeDWwSzTjfg4xlJSrzjOuC3IdgA7bu4V2IKxMmEtKJIOcJNbsz73+VWPsA+tdODkYoC93D+69BqnLDIUEG3TiYfKcT8yaJbAVDEYNzH0bqEKBgba6Bn0uQKBgHJxb7HHrYUInlX1eDIa/dxxZKodhs1wpj/ZKMQh8R5uML2xXlid82iZz8WYce0kzXf5nEhEyivLZeJYnkpbqvThtc2VrG2jdrVqQLH+HM1Fq7WCsAYyYdKkEkGtD4GH4CrmO7jjjLPu0XulLNQaBwGeWcPd/f4v9PHj29GsD9llAoGBAKXbxIe3XhYfxZ3GDkPQY28o9tU+y7oiZLhzkYBnSpNsS6JZPT4mull1bmzHtyYPPMW5uxhvVkG5e6eM32mKm8vbpVSUL2eAw28bYzi9pnMo+DSaHeQr3mT8t+WNVwe9EgNzdDhPDDWitbTW869+Fhxko2Jx2EU3D/Qv+LKDh6GhAoGAP5YkXhuKb10lm8d2ikETw1rJrL/pL8VHUHmgTGZGFc3NL5jdsPlxL6O9BQQvVc56zRIFXiaHtw/5fwaBGeAq/B960nfgiyMJjxaCI1Qy1WEd1mw8/S7zqAq9J1v/O2lwgVgtIRojhOoYN4xu0R9+IRaU1Gsco4Qa7x1k151VgsQ=\n','MIIBIjANBgkqhkiG9w0BAQEFAAOCAQ8AMIIBCgKCAQEAjWv9ZYMU27aAqgwWP1Q++aqVwhFBHxNBhZ9CIBaady1l2hHo0EEP8bc3NNq7XlQuJeyt7Pv5RzK4HB9y2R+f1Q1zXdpS/6AqETw1BKSms0qt9gd6ueNFjWerXGYibdQGtiqNxM07sFBym+B1QSY/Kvb96cZ7tSmwgEU1/pwclDqN51w8zcJV63ts9L3URdhYY/LzLV8Wf5zl2jiLO7enTWX4tUA6RmmZKVkr4WQDqD8RbJBLBCKt6XupDyL4QKSGaZ2AubqD1V+MSR4zV/yrwAwRcSSHg9xz/NVdRkUu/mV1i23tvc9quuxRtzoYhST+qLF17jq+0xkhUC3vKjQnoQIDAQAB','00','../images/payment/ZFB_GX.png',NULL,'sys','2017-07-24 18:48:45','sys','2017-07-24 18:48:45','0');
insert into `csr_payment_channel` (`row_id`, `channel_code`, `channel_name`, `using_date`, `using_status`, `channel_platform`, `merch_account`, `merch_acct_pwd`, `merchant_id`, `app_id`, `private_key`, `public_key`, `channel_type`, `channel_logo`, `ajax_url`, `created_by`, `created_date`, `last_updt_by`, `last_updt_date`, `version`) values('6','0051','支付宝移动app','2017-07-24 18:48:59','1','02',NULL,NULL,'1291148101','dafs','2343545646',NULL,'00','../images/payment/ZFB_GX.png',NULL,'sys','2017-07-24 18:49:00','sys','2017-07-24 18:49:00','0');
insert into `csr_payment_channel` (`row_id`, `channel_code`, `channel_name`, `using_date`, `using_status`, `channel_platform`, `merch_account`, `merch_acct_pwd`, `merchant_id`, `app_id`, `private_key`, `public_key`, `channel_type`, `channel_logo`, `ajax_url`, `created_by`, `created_date`, `last_updt_by`, `last_updt_date`, `version`) values('7','006','建行个人','2017-07-24 18:49:45','1','01',NULL,NULL,'safdsafds','afdsafdsa','fdsafdsafds',NULL,'01','../images/payment/CCB_GX.png',NULL,'sys','2017-07-24 18:49:46','sys','2017-07-24 18:49:46','0');
insert into `csr_payment_channel` (`row_id`, `channel_code`, `channel_name`, `using_date`, `using_status`, `channel_platform`, `merch_account`, `merch_acct_pwd`, `merchant_id`, `app_id`, `private_key`, `public_key`, `channel_type`, `channel_logo`, `ajax_url`, `created_by`, `created_date`, `last_updt_by`, `last_updt_date`, `version`) values('8','0061','建行企业','2017-07-27 10:26:32','1','01',NULL,NULL,'啊范德萨范德萨','啊范德萨范德萨','啊范德萨',NULL,'02','../images/payment/CCB_GX.png',NULL,'sys','2017-07-24 18:50:06','sys','2017-07-24 18:50:06','0');
insert into `csr_payment_channel` (`row_id`, `channel_code`, `channel_name`, `using_date`, `using_status`, `channel_platform`, `merch_account`, `merch_acct_pwd`, `merchant_id`, `app_id`, `private_key`, `public_key`, `channel_type`, `channel_logo`, `ajax_url`, `created_by`, `created_date`, `last_updt_by`, `last_updt_date`, `version`) values('9','007','光大银行个人','2017-07-24 18:50:30','1','01',NULL,NULL,'是发生大幅度撒','萨芬的撒','萨芬的撒',NULL,'01','../images/payment/CEB_GX.png',NULL,'sys','2017-07-24 18:50:32','sys','2017-07-24 18:50:32','0');
insert into `csr_payment_channel` (`row_id`, `channel_code`, `channel_name`, `using_date`, `using_status`, `channel_platform`, `merch_account`, `merch_acct_pwd`, `merchant_id`, `app_id`, `private_key`, `public_key`, `channel_type`, `channel_logo`, `ajax_url`, `created_by`, `created_date`, `last_updt_by`, `last_updt_date`, `version`) values('10','0071','光大银行企业','2017-07-25 14:50:23','1','01',NULL,NULL,'啊范德萨','啊范德萨','萨芬撒',NULL,'02','../images/payment/CEB_GX.png',NULL,'sys','2017-07-24 18:50:59','sys','2017-07-24 18:50:59','0');
insert into `csr_payment_channel` (`row_id`, `channel_code`, `channel_name`, `using_date`, `using_status`, `channel_platform`, `merch_account`, `merch_acct_pwd`, `merchant_id`, `app_id`, `private_key`, `public_key`, `channel_type`, `channel_logo`, `ajax_url`, `created_by`, `created_date`, `last_updt_by`, `last_updt_date`, `version`) values('11','008','农信银行个人','2017-07-26 17:55:52','1','01',NULL,NULL,'范德萨发撒','萨芬的撒','发',NULL,'01','../images/payment/BOB_GX.png',NULL,'sys','2017-07-24 18:51:16','sys','2017-07-24 18:51:16','0');
insert into `csr_payment_channel` (`row_id`, `channel_code`, `channel_name`, `using_date`, `using_status`, `channel_platform`, `merch_account`, `merch_acct_pwd`, `merchant_id`, `app_id`, `private_key`, `public_key`, `channel_type`, `channel_logo`, `ajax_url`, `created_by`, `created_date`, `last_updt_by`, `last_updt_date`, `version`) values('12','0081','农信银行企业','2017-07-24 18:51:30','1','01',NULL,NULL,'afdsfsd','sfasdfs','fdsfds',NULL,'02','../images/payment/BOB_GX.png',NULL,'sys','2017-07-24 18:51:32','sys','2017-07-24 18:51:32','0');

insert into `csr_sys_dict` (`row_id`, `data_code`, `data_name`, `data_value`, `data_desc`, `is_val`, `input_user`, `check_user`, `created_by`, `created_date`, `modified_by`, `whenmodified`, `version`) values('88','right-open','FuncRightDict','open','开启发布','0',NULL,NULL,NULL,'2017-07-13 19:11:11',NULL,'2017-07-13 19:11:11','0');
insert into `csr_sys_dict` (`row_id`, `data_code`, `data_name`, `data_value`, `data_desc`, `is_val`, `input_user`, `check_user`, `created_by`, `created_date`, `modified_by`, `whenmodified`, `version`) values('89','right-close','FuncRightDict','close','关闭发布','0',NULL,NULL,NULL,'2017-07-13 19:11:11',NULL,'2017-07-13 19:11:11','0');
insert into `csr_sys_dict` (`row_id`, `data_code`, `data_name`, `data_value`, `data_desc`, `is_val`, `input_user`, `check_user`, `created_by`, `created_date`, `modified_by`, `whenmodified`, `version`) values('90','right-deploy','FuncRightDict','deploy','发布','0',NULL,NULL,NULL,'2017-07-13 19:11:11',NULL,'2017-07-13 19:11:11','0');
insert into `csr_sys_dict` (`row_id`, `data_code`, `data_name`, `data_value`, `data_desc`, `is_val`, `input_user`, `check_user`, `created_by`, `created_date`, `modified_by`, `whenmodified`, `version`) values('91','right-add','FuncRightDict','add','新增','0',NULL,NULL,NULL,'2017-07-13 19:11:11',NULL,'2017-07-13 19:11:11','0');
insert into `csr_sys_dict` (`row_id`, `data_code`, `data_name`, `data_value`, `data_desc`, `is_val`, `input_user`, `check_user`, `created_by`, `created_date`, `modified_by`, `whenmodified`, `version`) values('92','right-edit','FuncRightDict','edit','修改','0',NULL,NULL,NULL,'2017-07-13 19:11:11',NULL,'2017-07-13 19:11:11','0');
insert into `csr_sys_dict` (`row_id`, `data_code`, `data_name`, `data_value`, `data_desc`, `is_val`, `input_user`, `check_user`, `created_by`, `created_date`, `modified_by`, `whenmodified`, `version`) values('93','right-delete','FuncRightDict','delete','删除','0',NULL,NULL,NULL,'2017-07-13 19:11:11',NULL,'2017-07-13 19:11:11','0');
